 Egida | Ariane Kimberly | Tuclaud | ariane_egida@gmail.com | ariane | ariane09 | Wednesday 5th of September 2018 02:07:04 PM
 Arevalo | Jan Cedric | Palacios | cedric@gmail.com | cedric | cedric123 | Thursday 6th of September 2018 03:18:43 PM
 Egida | Ariane Kimberly | Tuclaud | ariane_egida@gmail.com | ariane | ariane09 | Monday 17th of September 2018 06:59:32 PM
 Egida | Ariane Kimberly | Tuclaud | ariane_egida@gmail.com | ariane | ariane09 | Monday 17th of September 2018 07:02:05 PM
 Eregia | Rodolfo | Castante | rodolfo_eregia@gmail.com | rod | rod123 | Sunday 7th of October 2018 10:35:02 AM
 Tangeres | Bryle Christian | Gonzales | bryle_tan@gmail.com | bryle | bryle09 | Tuesday 9th of October 2018 11:09:52 AM
 Egida | Ariane Kimberly | Tuclaud | ariane_egida@gmail.com | ariane | ariane09 | Tuesday 16th of October 2018 06:00:52 PM
 Strator | Ad | Mini | ae_sports@gmail.com | admin | admin | Monday 22nd of October 2018 06:49:51 PM
 Robado | John Ellee | Dela Cruz | bachrobado@gmail.com | ellee | ellee | Monday 29th of October 2018 10:32:30 AM
